Position,Matches,Total Reads,Expected Nucleotide,Nucleotides Found
1662,105,410,T,"A, G, C, T"
4136,1490,5887,T,"A, G, C, T"
4170,927,7952,G,"A, G, C, T"
4573,512,1988,C,"A, G, C, T"
5856,3623,11966,T,"A, G, C, T"
6519,318,1358,A,"A, G, C, T"
7924,940,3353,C,"A, G, C, T"
9839,2584,7786,A,"A, G, C, T"
10350,125,419,T,"A, G, C, T"
10617,121,1035,G,"A, G, C, T"
11176,1559,11386,G,"A, G, C, T"
12067,906,2930,A,"A, G, C, T"
12405,6569,22260,C,"A, G, C, T"
15487,3233,10955,T,"A, G, C, T"
